month,avg_LST_Day_1km
Feb 2000,18.563
Mar 2000,18.879
Apr 2000,29.649
May 2000,33.938
Jun 2000,32.489
Jul 2000,29.904
Aug 2000,30.095
Sep 2000,28.781
Oct 2000,27.529
Nov 2000,19.213
Dec 2000,9.784
Jan 2001,10.139
Feb 2001,15.657
Mar 2001,22.134
Apr 2001,27.728
May 2001,33.856
Jun 2001,32.54
Jul 2001,28.129
Aug 2001,28.879
Sep 2001,28.231
Oct 2001,26.033
Nov 2001,19.372
Dec 2001,10.998
Jan 2002,9.014
Feb 2002,11.122
Mar 2002,17.773
Apr 2002,26.903
May 2002,33.948
Jun 2002,33.209
Jul 2002,31.374
Aug 2002,27.715
Sep 2002,27.454
Oct 2002,24.654
Nov 2002,17.19
Dec 2002,10.432
Jan 2003,8.181
Feb 2003,10.255
Mar 2003,16.383
Apr 2003,26.093
May 2003,31.623
Jun 2003,32.828
Jul 2003,28.312
Aug 2003,27.563
Sep 2003,27.377
Oct 2003,24.755
Nov 2003,16.56
Dec 2003,11.457
Jan 2004,4.655
Feb 2004,12.291
Mar 2004,23.482
Apr 2004,27.956
May 2004,32.215
Jun 2004,31.859
Jul 2004,30.371
Aug 2004,28.07
Sep 2004,29.193
Oct 2004,20.917
Nov 2004,16.314
Dec 2004,9.895
Jan 2005,3.004
Feb 2005,5.951
Mar 2005,16.007
Apr 2005,25.669
May 2005,28.883
Jun 2005,33.597
Jul 2005,28.512
Aug 2005,28.491
Sep 2005,28.718
Oct 2005,25.374
Nov 2005,16.58
Dec 2005,10.848
Jan 2006,7.223
Feb 2006,14.762
Mar 2006,17.037
Apr 2006,26.172
May 2006,33.294
Jun 2006,32.756
Jul 2006,29.556
Aug 2006,25.916
Sep 2006,28.307
Oct 2006,24.216
Nov 2006,12.951
Dec 2006,6.368
Jan 2007,6.267
Feb 2007,6.711
Mar 2007,16.911
Apr 2007,27.357
May 2007,33.585
Jun 2007,32.933
Jul 2007,29.29
Aug 2007,28.183
Sep 2007,27.345
Oct 2007,25.872
Nov 2007,17.802
Dec 2007,9.111
Jan 2008,5.465
Feb 2008,9.358
Mar 2008,22.442
Apr 2008,23.699
May 2008,32.198
Jun 2008,29.729
Jul 2008,29.125
Aug 2008,26.696
Sep 2008,27.567
Oct 2008,25.754
Nov 2008,19.005
Dec 2008,11.729
Jan 2009,7.257
Feb 2009,12.486
Mar 2009,17.383
Apr 2009,24.635
May 2009,31.822
Jun 2009,35.185
Jul 2009,30.617
Aug 2009,29.398
Sep 2009,29.596
Oct 2009,25.734
Nov 2009,16.859
Dec 2009,9.859
Jan 2010,10.031
Feb 2010,10.437
Mar 2010,22.142
Apr 2010,29.788
May 2010,33.022
Jun 2010,33.54
Jul 2010,28.716
Aug 2010,22.842
Sep 2010,25.728
Oct 2010,24.278
Nov 2010,19.08
Dec 2010,10.844
Jan 2011,6.62
Feb 2011,9.496
Mar 2011,19.794
Apr 2011,24.497
May 2011,33.581
Jun 2011,32.286
Jul 2011,27.975
Aug 2011,26.861
Sep 2011,25.361
Oct 2011,24.934
Nov 2011,18.088
Dec 2011,10.582
Jan 2012,4.099
Feb 2012,8.877
Mar 2012,19.724
Apr 2012,25.087
May 2012,31.3
Jun 2012,34.759
Jul 2012,32.097
Aug 2012,28.314
Sep 2012,24.85
Oct 2012,23.829
Nov 2012,16.222
Dec 2012,9.67
Jan 2013,6.008
Feb 2013,7.877
Mar 2013,16.431
Apr 2013,24.04
May 2013,32.605
Jun 2013,32.288
Jul 2013,29.144
Aug 2013,27.619
Sep 2013,28.227
Oct 2013,25.437
Nov 2013,13.508
Dec 2013,11.815
Jan 2014,8.512
Feb 2014,10.61
Mar 2014,17.057
Apr 2014,23.265
May 2014,30.747
Jun 2014,33.909
Jul 2014,29.695
Aug 2014,29.63
Sep 2014,28.164
Oct 2014,23.601
Nov 2014,16.86
Dec 2014,10.666
Jan 2015,9.95
Feb 2015,7.25
Mar 2015,16.055
Apr 2015,24.53
May 2015,31.297
Jun 2015,31.892
Jul 2015,28.736
Aug 2015,27.089
Sep 2015,28.591
Oct 2015,23.941
Nov 2015,17.437
Dec 2015,8.811
Jan 2016,6.844
Feb 2016,11.979
Mar 2016,14.237
Apr 2016,25.814
May 2016,31.979
Jun 2016,32.578
Jul 2016,29.461
Aug 2016,28.55
Sep 2016,28.73
Oct 2016,25.959
Nov 2016,19.581
Dec 2016,14.435
Jan 2017,7.004
Feb 2017,13.158
Mar 2017,18.017
Apr 2017,28.842
May 2017,32.174
Jun 2017,32.31
Jul 2017,29.137
Aug 2017,28.28
Sep 2017,28.893
Oct 2017,26.673
Nov 2017,15.727
Dec 2017,10.952
Jan 2018,9.21
Feb 2018,11.913
Mar 2018,18.72
Apr 2018,25.705
May 2018,31.367
Jun 2018,32.423
Jul 2018,29.012
Aug 2018,28.198
Sep 2018,28.356
Oct 2018,22.883
Nov 2018,15.893
Dec 2018,8.793
Jan 2019,4.716
Feb 2019,8.995
Mar 2019,14.983
Apr 2019,24.929
May 2019,29.703
Jun 2019,34.592
Jul 2019,29.227
Aug 2019,27.767
Sep 2019,27.642
Oct 2019,23.699
Nov 2019,15.425
Dec 2019,8.036
Jan 2020,1.584
Feb 2020,11.368
Mar 2020,12.292
Apr 2020,22.253
May 2020,29.589
Jun 2020,31.4
Jul 2020,31.557
Aug 2020,28.504
Sep 2020,29.424
Oct 2020,26.056
Nov 2020,14.157
Dec 2020,9.672
Jan 2021,8.204
Feb 2021,16.256
Mar 2021,20.392
Apr 2021,23.374
May 2021,29.853
Jun 2021,32.748
Jul 2021,30.048
Aug 2021,28.502
Sep 2021,27.543
Oct 2021,25.024
Nov 2021,16.968
Dec 2021,9.473
Jan 2022,4.924
Feb 2022,11.772
Mar 2022,21.776
Apr 2022,29.721
May 2022,33.182
Jun 2022,33.901
Jul 2022,26.834
Aug 2022,25.928
Sep 2022,26.587
Oct 2022,24.763
Nov 2022,14.196
Dec 2022,9.056
Jan 2023,6.734
Feb 2023,12.703
Mar 2023,14.955
Apr 2023,23.248
May 2023,27.703
Jun 2023,30.086
Jul 2023,26.725
Aug 2023,28.251
Sep 2023,26.847
Oct 2023,22.849
Nov 2023,14.758
Dec 2023,9.874
Jan 2024,7.652
Feb 2024,8.548
Mar 2024,12.804
Apr 2024,19.18
May 2024,30.604
Jun 2024,33.383
Jul 2024,28.613
Aug 2024,24.295
Sep 2024,26.264
Oct 2024,23.684
Nov 2024,15.053
Dec 2024,5.73
